<keymap version="1" name="Default copy" parent="$default">
  <action id="EditorCloneCaretAbove">
    <keyboard-shortcut first-keystroke="ctrl alt less" />
  </action>
  <action id="EditorCloneCaretBelow">
    <keyboard-shortcut first-keystroke="alt less" />
  </action>
  <action id="EditorNextWordInDifferentHumpsModeWithSelection">
    <keyboard-shortcut first-keystroke="alt back_slash" />
  </action>
  <action id="Maven.AssignShortcut">
    <keyboard-shortcut first-keystroke="shift m" />
  </action>
  <action id="NextSplitter">
    <keyboard-shortcut first-keystroke="ctrl alt numpad0" />
  </action>
  <action id="SplitHorizontally">
    <keyboard-shortcut first-keystroke="ctrl numpad0" />
  </action>
  <action id="SplitVertically">
    <keyboard-shortcut first-keystroke="ctrl decimal" />
  </action>
  <action id="StringManipulation.CreateSequenceAction">
    <keyboard-shortcut first-keystroke="alt z" />
  </action>
  <action id="Unsplit">
    <keyboard-shortcut first-keystroke="ctrl alt multiply" />
  </action>
  <action id="osmedile.intellij.stringmanip.WordsAndCamelToConstantStyleCaseAction">
    <keyboard-shortcut first-keystroke="alt x" />
  </action>
</keymap>