<application>
  <component name="libraryTable">
    <library name="scala-sdk-2.13.0-20190613-143643-unknown" type="Scala">
      <properties>
        <language-level>Scala_2_13</language-level>
        <compiler-classpath>
          <root url="file:///usr/share/scala/lib/scala-compiler.jar" />
          <root url="file:///usr/share/scala/lib/scala-library.jar" />
          <root url="file:///usr/share/scala/lib/scala-reflect.jar" />
        </compiler-classpath>
      </properties>
      <CLASSES>
        <root url="jar:///usr/share/scala/lib/scala-library.jar!/" />
        <root url="jar:///usr/share/scala/lib/scala-reflect.jar!/" />
        <root url="jar:///usr/share/scala/src/scala-reflect-2.13.0-pre-SNAPSHOT-sources.jar!/" />
        <root url="jar:///usr/share/scala/src/scala-library-2.13.0-pre-SNAPSHOT-sources.jar!/" />
      </CLASSES>
      <JAVADOC />
      <SOURCES />
    </library>
  </component>
</application>