<application>
  <component name="DefaultFont">
    <option name="FONT_SIZE" value="13" />
    <option name="FONT_FAMILY" value="Fira Code Retina" />
    <option name="LINE_SPACING" value="1.1" />
    <option name="USE_LIGATURES" value="true" />
  </component>
  <component name="EditorSettings">
    <option name="IS_RIGHT_MARGIN_SHOWN" value="false" />
    <option name="ARE_LINE_NUMBERS_SHOWN" value="false" />
    <option name="ARE_GUTTER_ICONS_SHOWN" value="false" />
    <option name="IS_FOLDING_OUTLINE_SHOWN" value="false" />
    <option name="SHOW_BREADCRUMBS" value="false" />
    <option name="IS_INDENT_GUIDES_SHOWN" value="false" />
  </component>
</application>