<application>
  <component name="MaterialThemeConfig">
    <option name="accentScrollbars" value="false" />
    <option name="darkTitleBar" value="true" />
    <option name="highlightColorEnabled" value="true" />
    <option name="isHighContrast" value="true" />
    <option name="isWizardShown" value="true" />
    <option name="pristineConfig" value="false" />
    <option name="settingsSelectedTab" value="4" />
    <option name="accentColor" value="009688" />
    <option name="selectedTheme" value="CUSTOM" />
    <option name="userId" value="-5ab01177:16d2ac3cab6:-8000" />
    <option name="version" value="4.11.4" />
  </component>
</application>